date,dengue,sintomas de dengue,mosquito,dengue sintomas
2004-01-01,5,0,0,0
2004-02-01,7,0,0,0
2004-03-01,5,0,3,0
2004-04-01,6,0,4,0
2004-05-01,11,0,4,0
2004-06-01,10,0,4,0
2004-07-01,7,0,5,0
2004-08-01,9,0,2,0
2004-09-01,14,0,4,0
2004-10-01,11,0,3,0
2004-11-01,11,0,3,0
2004-12-01,5,0,0,0
2005-01-01,5,0,0,0
2005-02-01,3,0,2,0
2005-03-01,6,0,2,0
2005-04-01,5,1,2,0
2005-05-01,8,0,3,0
2005-06-01,8,0,3,0
2005-07-01,8,0,3,2
2005-08-01,14,0,3,0
2005-09-01,18,0,3,1
2005-10-01,17,0,3,1
2005-11-01,12,0,2,0
2005-12-01,5,0,2,0
2006-01-01,4,0,2,0
2006-02-01,4,0,3,0
2006-03-01,7,0,2,0
2006-04-01,8,0,3,0
2006-05-01,8,0,4,0
2006-06-01,8,0,4,0
2006-07-01,7,0,3,0
2006-08-01,8,0,3,0
2006-09-01,14,0,3,1
2006-10-01,16,0,3,1
2006-11-01,14,0,3,2
2006-12-01,6,0,3,0
2007-01-01,6,0,4,0
2007-02-01,6,0,4,0
2007-03-01,8,0,3,1
2007-04-01,7,0,4,1
2007-05-01,9,0,3,0
2007-06-01,9,0,4,0
2007-07-01,8,0,3,1
2007-08-01,11,0,3,1
2007-09-01,18,1,3,2
2007-10-01,32,1,5,4
2007-11-01,21,0,3,3
2007-12-01,9,0,2,1
2008-01-01,5,0,3,0
2008-02-01,7,0,3,0
2008-03-01,6,0,3,0
2008-04-01,9,0,3,1
2008-05-01,10,0,4,0
2008-06-01,11,0,4,1
2008-07-01,9,0,3,1
2008-08-01,9,0,3,1
2008-09-01,14,1,4,2
2008-10-01,16,1,3,2
2008-11-01,10,0,3,1
2008-12-01,7,0,3,1
2009-01-01,5,0,3,0
2009-02-01,7,0,3,0
2009-03-01,8,0,3,1
2009-04-01,7,0,3,1
2009-05-01,9,0,3,1
2009-06-01,8,0,3,1
2009-07-01,6,0,3,1
2009-08-01,13,1,3,2
2009-09-01,37,3,5,7
2009-10-01,44,4,6,9
2009-11-01,32,2,4,6
2009-12-01,13,1,3,2
2010-01-01,7,0,2,1
2010-02-01,8,0,3,1
2010-03-01,7,0,3,1
2010-04-01,8,0,3,1
2010-05-01,10,1,3,1
2010-06-01,10,0,3,1
2010-07-01,13,1,4,3
2010-08-01,13,1,4,3
2010-09-01,13,1,4,2
2010-10-01,14,1,3,3
2010-11-01,12,1,3,3
2010-12-01,6,0,3,1
2011-01-01,4,0,2,0
2011-02-01,4,0,2,0
2011-03-01,7,0,3,1
2011-04-01,6,0,3,1
2011-05-01,6,0,3,1
2011-06-01,6,0,3,1
2011-07-01,5,0,3,1
2011-08-01,6,0,4,1
2011-09-01,10,1,3,1
2011-10-01,12,1,4,2
2011-11-01,9,1,3,1
2011-12-01,5,0,2,1
2012-01-01,5,0,2,1
2012-02-01,4,0,2,1
2012-03-01,6,0,2,1
2012-04-01,5,0,2,1
2012-05-01,5,0,3,1
2012-06-01,6,0,3,1
2012-07-01,8,1,3,2
2012-08-01,13,1,4,3
2012-09-01,18,1,4,3
2012-10-01,15,1,3,3
2012-11-01,12,1,3,2
2012-12-01,6,0,2,1
2013-01-01,4,0,2,1
2013-02-01,5,0,2,1
2013-03-01,5,0,2,1
2013-04-01,6,0,3,1
2013-05-01,7,0,3,1
2013-06-01,9,1,4,2
2013-07-01,10,1,4,3
2013-08-01,13,1,4,4
2013-09-01,21,2,4,5
2013-10-01,23,2,4,6
2013-11-01,16,1,3,4
2013-12-01,8,1,2,2
2014-01-01,6,1,2,2
2014-02-01,6,1,2,1
2014-03-01,7,0,3,1
2014-04-01,7,0,3,1
2014-05-01,7,0,3,1
2014-06-01,8,1,4,2
2014-07-01,9,1,5,2
2014-08-01,9,1,4,2
2014-09-01,12,1,4,3
2014-10-01,20,2,4,5
2014-11-01,18,1,4,4
2014-12-01,7,1,2,2
2015-01-01,6,0,2,1
2015-02-01,6,0,2,1
2015-03-01,7,0,3,1
2015-04-01,8,1,4,2
2015-05-01,7,1,4,2
2015-06-01,9,1,5,2
2015-07-01,11,1,6,3
2015-08-01,16,1,8,3
2015-09-01,20,1,7,5
2015-10-01,19,1,6,5
2015-11-01,17,1,6,4
2015-12-01,10,1,4,2
2016-01-01,6,0,5,1
2016-02-01,9,1,7,2
2016-03-01,9,1,5,2
2016-04-01,7,1,4,1
2016-05-01,6,0,4,1
2016-06-01,7,1,5,1
2016-07-01,6,1,5,2
2016-08-01,11,1,5,3
2016-09-01,13,1,6,4
2016-10-01,13,1,5,3
2016-11-01,10,1,4,3
2016-12-01,5,0,3,1
2017-01-01,4,0,2,1
2017-02-01,4,0,2,1
2017-03-01,6,0,3,1
2017-04-01,8,0,4,1
2017-05-01,5,0,4,1
2017-06-01,6,0,4,1
2017-07-01,6,1,5,1
2017-08-01,10,1,5,2
2017-09-01,17,1,5,5
2017-10-01,18,1,5,5
2017-11-01,14,1,3,4
2017-12-01,5,0,2,1
2018-01-01,4,0,2,1
2018-02-01,4,0,2,1
2018-03-01,6,0,3,1
2018-04-01,5,0,3,1
2018-05-01,5,0,4,1
2018-06-01,5,0,4,1
2018-07-01,6,1,5,1
2018-08-01,7,1,4,1
2018-09-01,12,1,5,3
2018-10-01,15,1,5,4
2018-11-01,10,1,4,3
2018-12-01,6,0,3,1
2019-01-01,4,0,3,1
2019-02-01,4,0,3,1
2019-03-01,5,0,3,1
2019-04-01,7,0,5,1
2019-05-01,7,1,4,1
2019-06-01,8,1,5,2
2019-07-01,10,1,5,3
2019-08-01,26,2,7,7
2019-09-01,67,4,7,16
2019-10-01,73,5,7,16
2019-11-01,42,3,5,9
2019-12-01,20,2,3,5
2020-01-01,12,1,3,3
2020-02-01,10,1,3,2
2020-03-01,11,1,3,3
2020-04-01,8,1,5,2
2020-05-01,12,1,6,3
2020-06-01,25,3,6,7
2020-07-01,34,5,5,12
2020-08-01,27,4,5,8
2020-09-01,31,4,5,9
2020-10-01,43,5,5,11
2020-11-01,28,4,3,7
2020-12-01,14,2,3,4
2021-01-01,8,1,2,3
2021-02-01,6,1,2,1
2021-03-01,5,1,3,1
2021-04-01,5,1,3,1
2021-05-01,7,1,6,1
2021-06-01,7,1,5,2
2021-07-01,12,2,6,4
2021-08-01,12,2,5,4
2021-09-01,8,1,4,2
2021-10-01,9,1,5,2
2021-11-01,8,1,3,2
2021-12-01,7,1,3,1
2022-01-01,6,1,3,2
2022-02-01,4,0,3,1
2022-03-01,5,0,4,1
2022-04-01,4,0,4,1
2022-05-01,6,1,4,1
2022-06-01,7,1,5,2
2022-07-01,10,1,5,3
2022-08-01,10,1,5,2
2022-09-01,13,2,5,3
2022-10-01,15,2,4,4
2022-11-01,13,1,4,3
2022-12-01,8,1,3,2
2023-01-01,6,1,3,1
2023-02-01,6,1,3,1
2023-03-01,8,1,4,1
2023-04-01,7,1,4,2
2023-05-01,10,1,4,2
2023-06-01,13,1,6,3
2023-07-01,22,2,6,5
2023-08-01,37,3,5,7
2023-09-01,61,5,6,14
2023-10-01,60,5,7,12
2023-11-01,39,3,5,7
2023-12-01,25,2,4,5
2024-01-01,19,2,3,4
2024-02-01,15,1,3,3
2024-03-01,16,1,4,3
2024-04-01,15,1,4,3
2024-05-01,16,1,5,3
2024-06-01,30,2,6,5
2024-07-01,49,4,7,9
2024-08-01,63,5,8,13
2024-09-01,100,6,8,17
2024-10-01,100,7,6,19
2024-11-01,78,6,5,16
2024-12-01,33,3,4,6
